signal_date,ts_code,composite_score,target_weight
2021-02-01,300866.SZ,0.6995133819951338,0.045
2021-02-01,300782.SZ,0.683698296836983,0.045
2021-02-01,601225.SH,0.6812652068126521,0.045
2021-02-01,600406.SH,0.6800486618004866,0.045
2021-02-01,603501.SH,0.670316301703163,0.045
2021-02-01,601138.SH,0.6630170316301703,0.045
2021-02-01,600690.SH,0.6581508515815085,0.045
2021-02-01,002466.SZ,0.6532846715328468,0.045
2021-02-01,000999.SZ,0.645985401459854,0.045
2021-02-01,002236.SZ,0.6435523114355232,0.045
2021-02-01,000725.SZ,0.6399026763990269,0.045
2021-02-01,603259.SH,0.6399026763990268,0.045
2021-02-01,000002.SZ,0.6350364963503649,0.045
2021-02-01,300759.SZ,0.6338199513381996,0.045
2021-02-01,600036.SH,0.6338199513381995,0.045
2021-02-01,600519.SH,0.6326034063260341,0.045
2021-02-01,000301.SZ,0.6289537712895378,0.045
2021-02-01,002027.SZ,0.6216545012165451,0.045
2021-02-01,603288.SH,0.621654501216545,0.045
2021-02-01,601088.SH,0.6204379562043796,0.045
2021-03-08,000002.SZ,0.6960873765564619,0.045
2021-03-08,601607.SH,0.6892443108630313,0.045
2021-03-08,600018.SH,0.6882424502647774,0.045
2021-03-08,600048.SH,0.6790825819378846,0.045
2021-03-08,001965.SZ,0.6773740518105053,0.045
2021-03-08,000425.SZ,0.6722842421640189,0.045
2021-03-08,002463.SZ,0.6696006869901244,0.045
2021-03-08,601668.SH,0.668911907828825,0.045
2021-03-08,000617.SZ,0.6615947473880063,0.045
2021-03-08,002001.SZ,0.6615768570201803,0.045
2021-03-08,002422.SZ,0.6612190496636611,0.045
2021-03-08,001979.SZ,0.6586786174323743,0.045
2021-03-08,600362.SH,0.6559324459710891,0.045
2021-03-08,002028.SZ,0.6544028195219694,0.045
2021-03-08,601390.SH,0.6527837412337197,0.045
2021-03-08,000999.SZ,0.6506816230141692,0.045
2021-03-08,600377.SH,0.6489641477028768,0.045
2021-03-08,601816.SH,0.6453860741376843,0.045
2021-03-08,601111.SH,0.6412802347216259,0.045
2021-03-08,002736.SZ,0.6354211392586232,0.045
2021-04-06,600741.SH,0.8354678573656676,0.045
2021-04-06,600377.SH,0.817487054713332,0.045
2021-04-06,601998.SH,0.7955402261971605,0.045
2021-04-06,000651.SZ,0.7855850556580485,0.045
2021-04-06,001965.SZ,0.7758838890225751,0.045
2021-04-06,601901.SH,0.7577203818079731,0.045
2021-04-06,601006.SH,0.7457198114132421,0.045
2021-04-06,600406.SH,0.7389374615651988,0.045
2021-04-06,601229.SH,0.7322754293557213,0.045
2021-04-06,600015.SH,0.7262060729214014,0.045
2021-04-06,601377.SH,0.7188711531777225,0.045
2021-04-06,603369.SH,0.7184210760853097,0.045
2021-04-06,601328.SH,0.7176724330009002,0.045
2021-04-06,000776.SZ,0.7164915376594209,0.045
2021-04-06,601077.SH,0.7140629038439258,0.045
2021-04-06,601688.SH,0.7116342700284307,0.045
2021-04-06,601211.SH,0.7080158284537846,0.045
2021-04-06,601668.SH,0.7042503319875583,0.045
2021-04-06,601009.SH,0.7040141529192624,0.045
2021-04-06,601898.SH,0.7009527374490877,0.045
2021-05-07,600600.SH,0.7198455629337982,0.045
2021-05-07,002252.SZ,0.7097622638799109,0.045
2021-05-07,600161.SH,0.6760510567863509,0.045
2021-05-07,000999.SZ,0.6756085417850124,0.045
2021-05-07,000661.SZ,0.6541069877834583,0.045
2021-05-07,600886.SH,0.6516783216783216,0.045
2021-05-07,601169.SH,0.6501010101010101,0.045
2021-05-07,000725.SZ,0.6488349885408708,0.045
2021-05-07,601988.SH,0.648582381670617,0.045
2021-05-07,601916.SH,0.6449105959400078,0.045
2021-05-07,600048.SH,0.6431464450582097,0.045
2021-05-07,002241.SZ,0.6401295926295926,0.045
2021-05-07,601328.SH,0.6400120467767527,0.045
2021-05-07,600690.SH,0.6314843979549861,0.045
2021-05-07,601077.SH,0.6291751712339947,0.045
2021-05-07,600845.SH,0.6282727076844724,0.045
2021-05-07,002422.SZ,0.6259140532669946,0.045
2021-05-07,300759.SZ,0.6257687737099502,0.045
2021-05-07,600050.SH,0.6255782289605819,0.045
2021-05-07,601319.SH,0.6232693287105052,0.045
2021-06-04,002415.SZ,0.7075275947478114,0.045
2021-06-04,601888.SH,0.7065810242705549,0.045
2021-06-04,300866.SZ,0.7004590275348398,0.045
2021-06-04,600115.SH,0.7002033826582563,0.045
2021-06-04,601236.SH,0.690564084932316,0.045
2021-06-04,600515.SH,0.6903618162823939,0.045
2021-06-04,601688.SH,0.687299271125986,0.045
2021-06-04,000776.SZ,0.6869638824873482,0.045
2021-06-04,300433.SZ,0.6796959318258957,0.045
2021-06-04,600085.SH,0.6728337046026577,0.045
2021-06-04,000333.SZ,0.6709409323127735,0.045
2021-06-04,600600.SH,0.670245807141114,0.045
2021-06-04,002736.SZ,0.6603046852866347,0.045
2021-06-04,605117.SH,0.6558804853389691,0.045
2021-06-04,601066.SH,0.6529591707931058,0.045
2021-06-04,600029.SH,0.6474562901999725,0.045
2021-06-04,000963.SZ,0.6456290280116995,0.045
2021-06-04,601939.SH,0.6451685819194845,0.045
2021-06-04,601318.SH,0.6450081006037685,0.045
2021-06-04,002236.SZ,0.6443038549897756,0.045
2021-07-05,600027.SH,0.7103540141303433,0.045
2021-07-05,600900.SH,0.7063162964869325,0.045
2021-07-05,600050.SH,0.6991963003276407,0.045
2021-07-05,600025.SH,0.6882426634996565,0.045
2021-07-05,601077.SH,0.6864045383319205,0.045
2021-07-05,600011.SH,0.6861070723336001,0.045
2021-07-05,601766.SH,0.6787348801628208,0.045
2021-07-05,600875.SH,0.6784531390312759,0.045
2021-07-05,600674.SH,0.6776217516305302,0.045
2021-07-05,601138.SH,0.6763799908547071,0.045
2021-07-05,600741.SH,0.6735759118337099,0.045
2021-07-05,000725.SZ,0.6724123818765794,0.045
2021-07-05,601117.SH,0.6718686068539327,0.045
2021-07-05,600886.SH,0.6678910970337614,0.045
2021-07-05,688036.SH,0.6503822370393807,0.045
2021-07-05,000166.SZ,0.6452072919937762,0.045
2021-07-05,601668.SH,0.6442464223566996,0.045
2021-07-05,601818.SH,0.6407239262741431,0.045
2021-07-05,302132.SZ,0.6389609152848381,0.045
2021-07-05,002028.SZ,0.6382048781716341,0.045
2021-08-02,601816.SH,0.7148923460509571,0.045
2021-08-02,601998.SH,0.7090096875568138,0.045
2021-08-02,601988.SH,0.7032568890735785,0.045
2021-08-02,601117.SH,0.7029279103792779,0.045
2021-08-02,601901.SH,0.6993740747474223,0.045
2021-08-02,601211.SH,0.6899938532928168,0.045
2021-08-02,600000.SH,0.6898899652840904,0.045
2021-08-02,601881.SH,0.688747197188098,0.045
2021-08-02,601688.SH,0.6886086798431291,0.045
2021-08-02,001965.SZ,0.6860677522963577,0.045
2021-08-02,002415.SZ,0.683626384091283,0.045
2021-08-02,601288.SH,0.6827909513544399,0.045
2021-08-02,600999.SH,0.6825745180029262,0.045
2021-08-02,002736.SZ,0.681674155260629,0.045
2021-08-02,000166.SZ,0.681626539923296,0.045
2021-08-02,601006.SH,0.6792024863863423,0.045
2021-08-02,601668.SH,0.6791721857171303,0.045
2021-08-02,603993.SH,0.6763931814836939,0.045
2021-08-02,600061.SH,0.674094659290618,0.045
2021-08-02,601077.SH,0.6731986252153511,0.045
2021-08-30,600795.SH,0.7373877031584722,0.045
2021-08-30,600900.SH,0.7359694113349469,0.045
2021-08-30,600048.SH,0.6893277237599374,0.045
2021-08-30,601939.SH,0.6778196314363866,0.045
2021-08-30,600029.SH,0.6765266787495073,0.045
2021-08-30,601658.SH,0.6748257268375863,0.045
2021-08-30,600061.SH,0.6724973397785009,0.045
2021-08-30,601988.SH,0.6688092634125816,0.045
2021-08-30,600023.SH,0.6681171251712783,0.045
2021-08-30,601881.SH,0.6680592621185198,0.045
2021-08-30,600875.SH,0.6622389415017478,0.045
2021-08-30,601398.SH,0.6616225983135786,0.045
2021-08-30,000166.SZ,0.6616155734062149,0.045
2021-08-30,600000.SH,0.6610428585900937,0.045
2021-08-30,600115.SH,0.6581552519316647,0.045
2021-08-30,601288.SH,0.6581282614981095,0.045
2021-08-30,601229.SH,0.6577956875942355,0.045
2021-08-30,601818.SH,0.6563740681830114,0.045
2021-08-30,302132.SZ,0.6553892870902168,0.045
2021-08-30,600015.SH,0.6543353661196852,0.045
2021-09-29,600415.SH,0.7461920483388113,0.045
2021-09-29,600018.SH,0.7365132242841916,0.045
2021-09-29,601018.SH,0.7271035285478317,0.045
2021-09-29,601298.SH,0.7178439001648987,0.045
2021-09-29,601006.SH,0.6908624261996671,0.045
2021-09-29,600028.SH,0.6900736510236612,0.045
2021-09-29,000617.SZ,0.6847972436361022,0.045
2021-09-29,600377.SH,0.6847806850949256,0.045
2021-09-29,603259.SH,0.6655731637952759,0.045
2021-09-29,601728.SH,0.6632494534715249,0.045
2021-09-29,688009.SH,0.6587675141875038,0.045
2021-09-29,601881.SH,0.6539086525631298,0.045
2021-09-29,601688.SH,0.6535644608400758,0.045
2021-09-29,601360.SH,0.6517127878521786,0.045
2021-09-29,601111.SH,0.6490593039247101,0.045
2021-09-29,600900.SH,0.6449878797126923,0.045
2021-09-29,601186.SH,0.6448040561231686,0.045
2021-09-29,600585.SH,0.6433912290685696,0.045
2021-09-29,601066.SH,0.6414207626685697,0.045
2021-09-29,601988.SH,0.6402484060620433,0.045
2021-11-03,600741.SH,0.7927196750241401,0.045
2021-11-03,300014.SZ,0.7289315086737922,0.045
2021-11-03,600176.SH,0.7093197482768954,0.045
2021-11-03,600660.SH,0.7091449405653781,0.045
2021-11-03,002594.SZ,0.702668731062498,0.045
2021-11-03,601633.SH,0.6989894449438951,0.045
2021-11-03,601818.SH,0.6982069723304365,0.045
2021-11-03,600036.SH,0.6977741151400126,0.045
2021-11-03,600066.SH,0.6968834282289481,0.045
2021-11-03,601009.SH,0.6963756534478739,0.045
2021-11-03,601006.SH,0.6924549662038425,0.045
2021-11-03,601998.SH,0.6877518063463524,0.045
2021-11-03,600104.SH,0.6826990310658276,0.045
2021-11-03,601229.SH,0.6818416408617187,0.045
2021-11-03,601939.SH,0.6759814204375187,0.045
2021-11-03,000001.SZ,0.6726600739186894,0.045
2021-11-03,600000.SH,0.6724186727932607,0.045
2021-11-03,601319.SH,0.6721939200213098,0.045
2021-11-03,002001.SZ,0.6721439749608763,0.045
2021-11-03,601398.SH,0.6713032331102453,0.045
2021-12-01,601816.SH,0.7438956135294755,0.045
2021-12-01,600183.SH,0.7211822001687426,0.045
2021-12-01,603369.SH,0.7104896039562606,0.045
2021-12-01,000063.SZ,0.7093409852224979,0.045
2021-12-01,600809.SH,0.7060872616094027,0.045
2021-12-01,300251.SZ,0.7014217811526285,0.045
2021-12-01,300059.SZ,0.6955199692587858,0.045
2021-12-01,600436.SH,0.6883233507923382,0.045
2021-12-01,002625.SZ,0.682492544420219,0.045
2021-12-01,600115.SH,0.682292058241235,0.045
2021-12-01,002463.SZ,0.6821041024484374,0.045
2021-12-01,600482.SH,0.6752040364550701,0.045
2021-12-01,000100.SZ,0.6751288541379511,0.045
2021-12-01,300502.SZ,0.6750954397747871,0.045
2021-12-01,601066.SH,0.6741932519693591,0.045
2021-12-01,000858.SZ,0.6730070420770368,0.045
2021-12-01,000977.SZ,0.6693398157197872,0.045
2021-12-01,601336.SH,0.6682204345537929,0.045
2021-12-01,601899.SH,0.6657519484750519,0.045
2021-12-01,600000.SH,0.6648121695110644,0.045
2021-12-29,600585.SH,0.7308581230138692,0.045
2021-12-29,300251.SZ,0.7233893829044882,0.045
2021-12-29,600570.SH,0.7157890187850694,0.045
2021-12-29,601800.SH,0.7146345117977208,0.045
2021-12-29,601166.SH,0.713588618971604,0.045
2021-12-29,600085.SH,0.7135036050337461,0.045
2021-12-29,300408.SZ,0.7118677951794617,0.045
2021-12-29,300059.SZ,0.7038522353854103,0.045
2021-12-29,601390.SH,0.6995740860750771,0.045
2021-12-29,601186.SH,0.6991695761801336,0.045
2021-12-29,000002.SZ,0.6896673056290621,0.045
2021-12-29,600887.SH,0.6853395648549784,0.045
2021-12-29,600048.SH,0.6774825501512863,0.045
2021-12-29,002384.SZ,0.6770890655014089,0.045
2021-12-29,300433.SZ,0.6754686644233613,0.045
2021-12-29,000538.SZ,0.6746456675155663,0.045
2021-12-29,601838.SH,0.6718268798603693,0.045
2021-12-29,000876.SZ,0.6687544525311985,0.045
2021-12-29,300413.SZ,0.668279304319139,0.045
2021-12-29,601006.SH,0.6679606348864494,0.045
2022-01-27,000157.SZ,0.730701754385965,0.045
2022-01-27,000425.SZ,0.7273330038711804,0.045
2022-01-27,600050.SH,0.7168231611893584,0.045
2022-01-27,601601.SH,0.7167531504818384,0.045
2022-01-27,601298.SH,0.7145375175026768,0.045
2022-01-27,601825.SH,0.7122354007083437,0.045
2022-01-27,000651.SZ,0.7024750844246768,0.045
2022-01-27,000002.SZ,0.6999135161848282,0.045
2022-01-27,601077.SH,0.6970471954534223,0.045
2022-01-27,001965.SZ,0.6933366279548636,0.045
2022-01-27,600000.SH,0.6923276501111935,0.045
2022-01-27,600019.SH,0.6907050490074953,0.045
2022-01-27,600926.SH,0.6850135903138127,0.045
2022-01-27,601229.SH,0.6830368173956017,0.045
2022-01-27,601818.SH,0.6818219257062844,0.045
2022-01-27,601766.SH,0.6817807429371551,0.045
2022-01-27,601336.SH,0.6816160118606375,0.045
2022-01-27,600015.SH,0.6795074540812124,0.045
2022-01-27,000166.SZ,0.6758421876286961,0.045
2022-01-27,601607.SH,0.6746190593855531,0.045
2022-03-03,302132.SZ,0.7665505226480837,0.045
2022-03-03,300124.SZ,0.7584204413472707,0.045
2022-03-03,002050.SZ,0.7444831591173054,0.045
2022-03-03,002625.SZ,0.7398373983739838,0.045
2022-03-03,601698.SH,0.7398373983739837,0.045
2022-03-03,600482.SH,0.7340301974448317,0.045
2022-03-03,600887.SH,0.7282229965156795,0.045
2022-03-03,000975.SZ,0.7282229965156795,0.045
2022-03-03,002230.SZ,0.7096399535423926,0.045
2022-03-03,600489.SH,0.7049941927990709,0.045
2022-03-03,600160.SH,0.7015098722415796,0.045
2022-03-03,688981.SH,0.6980255516840882,0.045
2022-03-03,600050.SH,0.6957026713124274,0.045
2022-03-03,600016.SH,0.6916376306620209,0.045
2022-03-03,600760.SH,0.6887340301974448,0.045
2022-03-03,601138.SH,0.681184668989547,0.045
2022-03-03,600066.SH,0.6689895470383275,0.045
2022-03-03,600176.SH,0.6643437862950058,0.045
2022-03-03,601077.SH,0.6631823461091754,0.045
2022-03-03,688396.SH,0.6631823461091754,0.045
2022-03-31,002648.SZ,0.8153673054587688,0.045
2022-03-31,601728.SH,0.7983247838430766,0.045
2022-03-31,600760.SH,0.794630758807588,0.045
2022-03-31,600941.SH,0.7707002516453736,0.045
2022-03-31,300661.SZ,0.7623040069686411,0.045
2022-03-31,600372.SH,0.7306789585753001,0.045
2022-03-31,601012.SH,0.7282794554136016,0.045
2022-03-31,002230.SZ,0.7274849980642664,0.045
2022-03-31,688396.SH,0.7144389598657891,0.045
2022-03-31,603392.SH,0.6929684475416181,0.045
2022-03-31,601825.SH,0.6906536327268035,0.045
2022-03-31,601288.SH,0.6885404568331398,0.045
2022-03-31,601138.SH,0.6856247580332946,0.045
2022-03-31,300316.SZ,0.684427022841657,0.045
2022-03-31,600016.SH,0.6791037553232675,0.045
2022-03-31,601916.SH,0.6709373790166473,0.045
2022-03-31,601988.SH,0.6688766292424829,0.045
2022-03-31,601939.SH,0.6676788940508454,0.045
2022-03-31,601009.SH,0.6641300490385856,0.045
2022-03-31,600104.SH,0.662573396567299,0.045
2022-05-05,601009.SH,0.875736531986532,0.045
2022-05-05,000895.SZ,0.8747571872571872,0.045
2022-05-05,600900.SH,0.8517385392385393,0.045
2022-05-05,003816.SZ,0.821532634032634,0.045
2022-05-05,601988.SH,0.8205856643356643,0.045
2022-05-05,601398.SH,0.8130544224294224,0.045
2022-05-05,601288.SH,0.8072916666666666,0.045
2022-05-05,601328.SH,0.8055150867650868,0.045
2022-05-05,601006.SH,0.8031436156436156,0.045
2022-05-05,601818.SH,0.7962477337477338,0.045
2022-05-05,600886.SH,0.7960777648277647,0.045
2022-05-05,600025.SH,0.7947503885003885,0.045
2022-05-05,600015.SH,0.7939086376586376,0.045
2022-05-05,601728.SH,0.7870289432789432,0.045
2022-05-05,601169.SH,0.784633190883191,0.045
2022-05-05,600887.SH,0.7834110334110335,0.045
2022-05-05,601939.SH,0.7765879953379953,0.045
2022-05-05,600000.SH,0.7719098031598032,0.045
2022-05-05,601229.SH,0.771885521885522,0.045
2022-05-05,600941.SH,0.7694169256669255,0.045
2022-06-02,600016.SH,0.7463820901320902,0.045
2022-06-02,600941.SH,0.7206925019425019,0.045
2022-06-02,600025.SH,0.7186528749028748,0.045
2022-06-02,601298.SH,0.7183938746438746,0.045
2022-06-02,601006.SH,0.713998963998964,0.045
2022-06-02,601225.SH,0.7081633644133644,0.045
2022-06-02,002466.SZ,0.7031290468790469,0.045
2022-06-02,000776.SZ,0.699414011914012,0.045
2022-06-02,600674.SH,0.698369917119917,0.045
2022-06-02,600886.SH,0.696030821030821,0.045
2022-06-02,601456.SH,0.69493006993007,0.045
2022-06-02,300979.SZ,0.6840439652939653,0.045
2022-06-02,601988.SH,0.6805474617974617,0.045
2022-06-02,601816.SH,0.6787749287749287,0.045
2022-06-02,601939.SH,0.677059052059052,0.045
2022-06-02,601901.SH,0.6744447681947682,0.045
2022-06-02,601319.SH,0.6711263273763274,0.045
2022-06-02,600905.SH,0.6694994819994821,0.045
2022-06-02,600377.SH,0.6687710437710438,0.045
2022-06-02,002459.SZ,0.6677026677026677,0.045
2022-07-01,002422.SZ,0.7178639846743295,0.045
2022-07-01,601318.SH,0.6939655172413793,0.045
2022-07-01,300760.SZ,0.6925526819923372,0.045
2022-07-01,002601.SZ,0.6913393997445721,0.045
2022-07-01,002714.SZ,0.6857120051085568,0.045
2022-07-01,000895.SZ,0.682742656449553,0.045
2022-07-01,000876.SZ,0.6799329501915709,0.045
2022-07-01,601688.SH,0.678560025542784,0.045
2022-07-01,002736.SZ,0.6777777777777777,0.045
2022-07-01,601077.SH,0.677705938697318,0.045
2022-07-01,600161.SH,0.6766283524904214,0.045
2022-07-01,002252.SZ,0.6756784802043422,0.045
2022-07-01,600016.SH,0.6733636653895275,0.045
2022-07-01,002001.SZ,0.6685105363984674,0.045
2022-07-01,600875.SH,0.6675327266922094,0.045
2022-07-01,600845.SH,0.6669300766283525,0.045
2022-07-01,600489.SH,0.6660280970625799,0.045
2022-07-01,600519.SH,0.6657646871008941,0.045
2022-07-01,000651.SZ,0.6568566411238825,0.045
2022-07-01,601628.SH,0.6566491060025542,0.045
2022-07-29,601018.SH,0.740118522053852,0.045
2022-07-29,601728.SH,0.7390764825199856,0.045
2022-07-29,600845.SH,0.737477627968023,0.045
2022-07-29,600900.SH,0.7332020840790676,0.045
2022-07-29,601988.SH,0.7206140874199578,0.045
2022-07-29,000425.SZ,0.719273754126397,0.045
2022-07-29,600161.SH,0.7166010420395339,0.045
2022-07-29,000651.SZ,0.7100902835779342,0.045
2022-07-29,600674.SH,0.7096050590621644,0.045
2022-07-29,688009.SH,0.7033846398600008,0.045
2022-07-29,002252.SZ,0.6984528496997177,0.045
2022-07-29,600660.SH,0.6984090999482958,0.045
2022-07-29,600028.SH,0.6982480213180606,0.045
2022-07-29,600941.SH,0.6963091118800461,0.045
2022-07-29,601288.SH,0.6947480412043113,0.045
2022-07-29,601328.SH,0.6942290100624429,0.045
2022-07-29,601825.SH,0.6873046175874,0.045
2022-07-29,600886.SH,0.6858449667899614,0.045
2022-07-29,601077.SH,0.6838881597263651,0.045
2022-07-29,601298.SH,0.68154953665036,0.045
2022-08-26,601728.SH,0.7307577973578758,0.045
2022-08-26,600050.SH,0.7293269440381772,0.045
2022-08-26,600183.SH,0.7174679048898719,0.045
2022-08-26,600023.SH,0.7097270280661284,0.045
2022-08-26,000166.SZ,0.6926083148035845,0.045
2022-08-26,601985.SH,0.6853470314748095,0.045
2022-08-26,002916.SZ,0.6829292460869532,0.045
2022-08-26,688396.SH,0.6766786763219539,0.045
2022-08-26,600233.SH,0.6756679627581779,0.045
2022-08-26,603195.SH,0.6680142847517013,0.045
2022-08-26,601006.SH,0.667701161726061,0.045
2022-08-26,600918.SH,0.6649821440603733,0.045
2022-08-26,301269.SZ,0.6643836430873138,0.045
2022-08-26,002371.SZ,0.6601188282064393,0.045
2022-08-26,600061.SH,0.6581251461571085,0.045
2022-08-26,603260.SH,0.6540981462324166,0.045
2022-08-26,605117.SH,0.6508281905849059,0.045
2022-08-26,688009.SH,0.6504318323246016,0.045
2022-08-26,601881.SH,0.6488582900311934,0.045
2022-08-26,601688.SH,0.64790306662386,0.045
2022-09-26,600845.SH,0.8156996587030717,0.045
2022-09-26,601607.SH,0.745164960182025,0.045
2022-09-26,601009.SH,0.7360637087599545,0.045
2022-09-26,601318.SH,0.7337883959044369,0.045
2022-09-26,600690.SH,0.7315130830489193,0.045
2022-09-26,601006.SH,0.726962457337884,0.045
2022-09-26,000651.SZ,0.7258248009101251,0.045
2022-09-26,603195.SH,0.7224118316268487,0.045
2022-09-26,601825.SH,0.7133105802047782,0.045
2022-09-26,300832.SZ,0.7098976109215016,0.045
2022-09-26,000333.SZ,0.7087599544937428,0.045
2022-09-26,601117.SH,0.7007963594994312,0.045
2022-09-26,600377.SH,0.7007963594994312,0.045
2022-09-26,600926.SH,0.6973833902161548,0.045
2022-09-26,600900.SH,0.6973833902161547,0.045
2022-09-26,601328.SH,0.6962457337883959,0.045
2022-09-26,601988.SH,0.695108077360637,0.045
2022-09-26,601288.SH,0.6928327645051194,0.045
2022-09-26,600660.SH,0.6928327645051194,0.045
2022-09-26,601186.SH,0.6916951080773606,0.045
2022-10-31,600905.SH,0.7409399395865207,0.045
2022-10-31,003816.SZ,0.7359224824447844,0.045
2022-10-31,601669.SH,0.7268408457887098,0.045
2022-10-31,600372.SH,0.7173080695147306,0.045
2022-10-31,600019.SH,0.7125809109097329,0.045
2022-10-31,601398.SH,0.7120787729002392,0.045
2022-10-31,600028.SH,0.706013887254325,0.045
2022-10-31,002311.SZ,0.7056961280451923,0.045
2022-10-31,601939.SH,0.6950727707818446,0.045
2022-10-31,000725.SZ,0.693613432191754,0.045
2022-10-31,601288.SH,0.6904868384920168,0.045
2022-10-31,601998.SH,0.6891255737319054,0.045
2022-10-31,600938.SH,0.6869169510807737,0.045
2022-10-31,600023.SH,0.6864971950884625,0.045
2022-10-31,601857.SH,0.686485426228865,0.045
2022-10-31,601328.SH,0.6780314620846574,0.045
2022-10-31,601988.SH,0.6757208426503473,0.045
2022-10-31,001965.SZ,0.6715311286336355,0.045
2022-10-31,601818.SH,0.6609548468086776,0.045
2022-10-31,601229.SH,0.6585971519359775,0.045
2022-11-28,000938.SZ,0.7155858930602959,0.045
2022-11-28,002601.SZ,0.7007963594994312,0.045
2022-11-28,600436.SH,0.6916951080773606,0.045
2022-11-28,002415.SZ,0.6848691695108077,0.045
2022-11-28,300979.SZ,0.6803185437997725,0.045
2022-11-28,600176.SH,0.6700796359499431,0.045
2022-11-28,000063.SZ,0.6643913538111491,0.045
2022-11-28,000895.SZ,0.6609783845278726,0.045
2022-11-28,600066.SH,0.6598407281001138,0.045
2022-11-28,601138.SH,0.6575654152445961,0.045
2022-11-28,600183.SH,0.6564277588168373,0.045
2022-11-28,601825.SH,0.6496018202502843,0.045
2022-11-28,300866.SZ,0.6473265073947667,0.045
2022-11-28,300999.SZ,0.646188850967008,0.045
2022-11-28,000425.SZ,0.6450511945392492,0.045
2022-11-28,600219.SH,0.6427758816837316,0.045
2022-11-28,002027.SZ,0.6416382252559728,0.045
2022-11-28,603993.SH,0.6348122866894198,0.045
2022-11-28,603288.SH,0.633674630261661,0.045
2022-11-28,002028.SZ,0.6234357224118316,0.045
2022-12-26,601138.SH,0.800932604607704,0.045
2022-12-26,601818.SH,0.7673369619751697,0.045
2022-12-26,600104.SH,0.7632245229466474,0.045
2022-12-26,688396.SH,0.7521445898768125,0.045
2022-12-26,600887.SH,0.7505826742614681,0.045
2022-12-26,000425.SZ,0.7405672986328575,0.045
2022-12-26,600000.SH,0.7349497535077739,0.045
2022-12-26,600519.SH,0.7283972743810979,0.045
2022-12-26,601825.SH,0.7219144327290592,0.045
2022-12-26,002304.SZ,0.7217387915430296,0.045
2022-12-26,600115.SH,0.7192347338366126,0.045
2022-12-26,600015.SH,0.7175734117443153,0.045
2022-12-26,000333.SZ,0.717409539698736,0.045
2022-12-26,000338.SZ,0.7165666411899391,0.045
2022-12-26,300750.SZ,0.7094344199059902,0.045
2022-12-26,601298.SH,0.6988147050238022,0.045
2022-12-26,300866.SZ,0.6905024339722714,0.045
2022-12-26,000651.SZ,0.6884789562881907,0.045
2022-12-26,601919.SH,0.6870636458826089,0.045
2022-12-26,601169.SH,0.6853546770971386,0.045
2023-01-31,600999.SH,0.7352781840836449,0.045
2023-01-31,002736.SZ,0.7022977564176979,0.045
2023-01-31,600030.SH,0.6965475610039237,0.045
2023-01-31,300059.SZ,0.6942412915109161,0.045
2023-01-31,000651.SZ,0.6907702785323458,0.045
2023-01-31,601318.SH,0.6840449490376356,0.045
2023-01-31,600958.SH,0.6839211224876753,0.045
2023-01-31,000001.SZ,0.6830504670582682,0.045
2023-01-31,000166.SZ,0.6795098016453452,0.045
2023-01-31,300122.SZ,0.6791963656907587,0.045
2023-01-31,601377.SH,0.6785501458831541,0.045
2023-01-31,600584.SH,0.6739182589987075,0.045
2023-01-31,600019.SH,0.6719138167212279,0.045
2023-01-31,600519.SH,0.6702189408186482,0.045
2023-01-31,601878.SH,0.6680442370349732,0.045
2023-01-31,600036.SH,0.6673012777352124,0.045
2023-01-31,000661.SZ,0.6610248194841076,0.045
2023-01-31,601658.SH,0.6569385433354229,0.045
2023-01-31,300015.SZ,0.6565554549464837,0.045
2023-01-31,300759.SZ,0.6553017111281373,0.045
2023-02-28,000338.SZ,0.706854395664732,0.045
2023-02-28,600309.SH,0.6905470717635516,0.045
2023-02-28,601601.SH,0.6854815304961575,0.045
2023-02-28,600585.SH,0.6854400632435738,0.045
2023-02-28,600436.SH,0.6804690129287887,0.045
2023-02-28,002001.SZ,0.6723334830965255,0.045
2023-02-28,600028.SH,0.6678529020069733,0.045
2023-02-28,601360.SH,0.6666705362463529,0.045
2023-02-28,600426.SH,0.6658494009786063,0.045
2023-02-28,000786.SZ,0.664931212468999,0.045
2023-02-28,002600.SZ,0.6635663228179074,0.045
2023-02-28,000895.SZ,0.6609345641525066,0.045
2023-02-28,300418.SZ,0.6599215186489686,0.045
2023-02-28,601618.SH,0.6568961086879175,0.045
2023-02-28,600276.SH,0.6567415608127456,0.045
2023-02-28,600346.SH,0.648379294527515,0.045
2023-02-28,603195.SH,0.6476467151138043,0.045
2023-02-28,601857.SH,0.6475526163483257,0.045
2023-02-28,601021.SH,0.6455458470938725,0.045
2023-02-28,600690.SH,0.6433743330988577,0.045
2023-03-28,601298.SH,0.786036036036036,0.045
2023-03-28,600377.SH,0.7826576576576576,0.045
2023-03-28,601985.SH,0.7646396396396397,0.045
2023-03-28,601006.SH,0.7601351351351351,0.045
2023-03-28,600886.SH,0.7415540540540541,0.045
2023-03-28,688303.SH,0.7387387387387387,0.045
2023-03-28,601988.SH,0.7353603603603603,0.045
2023-03-28,003816.SZ,0.7319819819819818,0.045
2023-03-28,600900.SH,0.7274774774774775,0.045
2023-03-28,601328.SH,0.7240990990990991,0.045
2023-03-28,601077.SH,0.7201576576576576,0.045
2023-03-28,601229.SH,0.7150900900900901,0.045
2023-03-28,601939.SH,0.7150900900900901,0.045
2023-03-28,000651.SZ,0.7117117117117117,0.045
2023-03-28,601018.SH,0.7094594594594593,0.045
2023-03-28,601818.SH,0.7083333333333334,0.045
2023-03-28,600161.SH,0.7060810810810811,0.045
2023-03-28,600018.SH,0.704954954954955,0.045
2023-03-28,600023.SH,0.6993243243243242,0.045
2023-03-28,688981.SH,0.695945945945946,0.045
2023-04-26,600019.SH,0.7175236677355321,0.045
2023-04-26,601600.SH,0.6909260955871126,0.045
2023-04-26,600362.SH,0.690048098946404,0.045
2023-04-26,601838.SH,0.673144754924416,0.045
2023-04-26,000630.SZ,0.6652466025347382,0.045
2023-04-26,601018.SH,0.6542754619025806,0.045
2023-04-26,601288.SH,0.6508092838601313,0.045
2023-04-26,600377.SH,0.6502805771873569,0.045
2023-04-26,001979.SZ,0.6468964727439303,0.045
2023-04-26,601169.SH,0.6463658573828065,0.045
2023-04-26,601229.SH,0.6441365093907466,0.045
2023-04-26,601398.SH,0.6441097877538556,0.045
2023-04-26,000807.SZ,0.6433692166743014,0.045
2023-04-26,600219.SH,0.6428691403267673,0.045
2023-04-26,601939.SH,0.6418651702550008,0.045
2023-04-26,600039.SH,0.6417201099404489,0.045
2023-04-26,601088.SH,0.6406245228279127,0.045
2023-04-26,601818.SH,0.6396205527561459,0.045
2023-04-26,601607.SH,0.6394564055581005,0.045
2023-04-26,601899.SH,0.6377614903038632,0.045
2023-05-29,600406.SH,0.7713963963963963,0.045
2023-05-29,600875.SH,0.7657657657657658,0.045
2023-05-29,000661.SZ,0.7443693693693693,0.045
2023-05-29,600926.SH,0.7240990990990991,0.045
2023-05-29,000895.SZ,0.7207207207207208,0.045
2023-05-29,601825.SH,0.7162162162162161,0.045
2023-05-29,600887.SH,0.7150900900900901,0.045
2023-05-29,300999.SZ,0.7072072072072073,0.045
2023-05-29,601088.SH,0.704954954954955,0.045
2023-05-29,600918.SH,0.7004504504504504,0.045
2023-05-29,000858.SZ,0.6948198198198199,0.045
2023-05-29,601009.SH,0.6925675675675675,0.045
2023-05-29,300316.SZ,0.6903153153153153,0.045
2023-05-29,600031.SH,0.6858108108108109,0.045
2023-05-29,600989.SH,0.6858108108108109,0.045
2023-05-29,300015.SZ,0.6824324324324325,0.045
2023-05-29,600585.SH,0.6801801801801801,0.045
2023-05-29,600660.SH,0.6790540540540541,0.045
2023-05-29,601066.SH,0.6790540540540541,0.045
2023-05-29,688187.SH,0.6756756756756758,0.045
2023-06-28,600309.SH,0.7896421845574388,0.045
2023-06-28,002594.SZ,0.7647027172450901,0.045
2023-06-28,000876.SZ,0.7377531803681925,0.045
2023-06-28,002027.SZ,0.7225642799492679,0.045
2023-06-28,601633.SH,0.7104462123832583,0.045
2023-06-28,601688.SH,0.7071947423037012,0.045
2023-06-28,000725.SZ,0.7060993889081056,0.045
2023-06-28,600887.SH,0.702786425304585,0.045
2023-06-28,601238.SH,0.6926323071601521,0.045
2023-06-28,601788.SH,0.6843537414965986,0.045
2023-06-28,300999.SZ,0.681290595334179,0.045
2023-06-28,002600.SZ,0.6786809639109882,0.045
2023-06-28,600104.SH,0.6779507283139244,0.045
2023-06-28,601009.SH,0.6711095737730121,0.045
2023-06-28,000157.SZ,0.6699757869249394,0.045
2023-06-28,300433.SZ,0.6639225181598063,0.045
2023-06-28,600588.SH,0.6635727737422652,0.045
2023-06-28,300394.SZ,0.663292209539183,0.045
2023-06-28,600918.SH,0.6620584957146701,0.045
2023-06-28,600845.SH,0.6611975863791845,0.045
2023-07-26,601169.SH,0.7784564867898202,0.045
2023-07-26,000100.SZ,0.7670208086874754,0.045
2023-07-26,600489.SH,0.7626717626717626,0.045
2023-07-26,601808.SH,0.7527982527982529,0.045
2023-07-26,600938.SH,0.7344655261321927,0.045
2023-07-26,600016.SH,0.7212325962325963,0.045
2023-07-26,002028.SZ,0.720868595868596,0.045
2023-07-26,601229.SH,0.7134331300997968,0.045
2023-07-26,600406.SH,0.7107675857675858,0.045
2023-07-26,601872.SH,0.7085987502654169,0.045
2023-07-26,600875.SH,0.7064412897746232,0.045
2023-07-26,002001.SZ,0.7034610367943701,0.045
2023-07-26,601898.SH,0.7020239936906604,0.045
2023-07-26,000725.SZ,0.6904897321563989,0.045
2023-07-26,300408.SZ,0.6839642672976005,0.045
2023-07-26,605499.SH,0.6830428913762248,0.045
2023-07-26,300433.SZ,0.6827130160463494,0.045
2023-07-26,000538.SZ,0.6783146783146784,0.045
2023-07-26,600547.SH,0.6750235083568418,0.045
2023-07-26,601100.SH,0.6724565474565475,0.045
2023-08-23,000895.SZ,0.7481225378317101,0.045
2023-08-23,600674.SH,0.7191000233505825,0.045
2023-08-23,600905.SH,0.701880851768995,0.045
2023-08-23,600886.SH,0.6989093018175793,0.045
2023-08-23,600436.SH,0.6971994365730384,0.045
2023-08-23,600025.SH,0.695643986471727,0.045
2023-08-23,601825.SH,0.6954293117604079,0.045
2023-08-23,600176.SH,0.6895615363176884,0.045
2023-08-23,000776.SZ,0.6892903682612855,0.045
2023-08-23,600346.SH,0.687147387371101,0.045
2023-08-23,601058.SH,0.6865749214742504,0.045
2023-08-23,601229.SH,0.6820366227525065,0.045
2023-08-23,000538.SZ,0.6796827333740086,0.045
2023-08-23,600900.SH,0.6777054662960703,0.045
2023-08-23,002001.SZ,0.6760633930656302,0.045
2023-08-23,000630.SZ,0.6715966525809925,0.045
2023-08-23,600919.SH,0.6714309387687464,0.045
2023-08-23,600219.SH,0.6695704246039816,0.045
2023-08-23,600795.SH,0.6680790002937654,0.045
2023-08-23,600010.SH,0.6655330335419821,0.045
2023-09-20,600989.SH,0.7595078299776287,0.045
2023-09-20,600346.SH,0.732662192393736,0.045
2023-09-20,002916.SZ,0.7293064876957495,0.045
2023-09-20,000301.SZ,0.7293064876957495,0.045
2023-09-20,600809.SH,0.7080536912751678,0.045
2023-09-20,002714.SZ,0.697986577181208,0.045
2023-09-20,600104.SH,0.697986577181208,0.045
2023-09-20,002001.SZ,0.6957494407158836,0.045
2023-09-20,300124.SZ,0.6890380313199106,0.045
2023-09-20,600309.SH,0.685682326621924,0.045
2023-09-20,002594.SZ,0.6778523489932886,0.045
2023-09-20,002493.SZ,0.674496644295302,0.045
2023-09-20,300999.SZ,0.6722595078299776,0.045
2023-09-20,000596.SZ,0.6677852348993288,0.045
2023-09-20,688169.SH,0.6666666666666666,0.045
2023-09-20,000333.SZ,0.6655480984340044,0.045
2023-09-20,601318.SH,0.662192393736018,0.045
2023-09-20,000792.SZ,0.6610738255033557,0.045
2023-09-20,600372.SH,0.6599552572706936,0.045
2023-09-20,600426.SH,0.6588366890380313,0.045
2023-10-26,601988.SH,0.8187919463087248,0.045
2023-10-26,601288.SH,0.8154362416107382,0.045
2023-10-26,601398.SH,0.7751677852348994,0.045
2023-10-26,601328.SH,0.7550335570469798,0.045
2023-10-26,601939.SH,0.750559284116331,0.045
2023-10-26,600025.SH,0.7472035794183446,0.045
2023-10-26,600900.SH,0.732662192393736,0.045
2023-10-26,601985.SH,0.7304250559284116,0.045
2023-10-26,601818.SH,0.7304250559284116,0.045
2023-10-26,600919.SH,0.7259507829977628,0.045
2023-10-26,601998.SH,0.7259507829977627,0.045
2023-10-26,600887.SH,0.7225950782997762,0.045
2023-10-26,601088.SH,0.7203579418344518,0.045
2023-10-26,601225.SH,0.7181208053691276,0.045
2023-10-26,601825.SH,0.7170022371364654,0.045
2023-10-26,000963.SZ,0.7170022371364654,0.045
2023-10-26,601166.SH,0.7158836689038032,0.045
2023-10-26,600905.SH,0.7125279642058165,0.045
2023-10-26,600999.SH,0.7024608501118568,0.045
2023-10-26,600015.SH,0.691275167785235,0.045
2023-11-23,600025.SH,0.7404921700223713,0.045
2023-11-23,000408.SZ,0.7248322147651006,0.045
2023-11-23,601877.SH,0.7114093959731543,0.045
2023-11-23,600999.SH,0.7024608501118568,0.045
2023-11-23,600893.SH,0.7024608501118568,0.045
2023-11-23,601360.SH,0.6991051454138703,0.045
2023-11-23,002625.SZ,0.6946308724832214,0.045
2023-11-23,600372.SH,0.6812080536912752,0.045
2023-11-23,000858.SZ,0.6756152125279642,0.045
2023-11-23,600958.SH,0.6700223713646533,0.045
2023-11-23,002001.SZ,0.668903803131991,0.045
2023-11-23,600900.SH,0.6677852348993288,0.045
2023-11-23,601211.SH,0.6677852348993288,0.045
2023-11-23,300059.SZ,0.6666666666666666,0.045
2023-11-23,002916.SZ,0.6655480984340045,0.045
2023-11-23,601995.SH,0.6621923937360179,0.045
2023-11-23,601788.SH,0.6543624161073825,0.045
2023-11-23,000776.SZ,0.6532438478747203,0.045
2023-11-23,600570.SH,0.6532438478747203,0.045
2023-11-23,601059.SH,0.6498881431767338,0.045
2023-12-21,600377.SH,0.7986577181208053,0.045
2023-12-21,600066.SH,0.7897091722595079,0.045
2023-12-21,600023.SH,0.7885906040268457,0.045
2023-12-21,601169.SH,0.7606263982102909,0.045
2023-12-21,601006.SH,0.756152125279642,0.045
2023-12-21,600674.SH,0.7516778523489932,0.045
2023-12-21,601298.SH,0.7427293064876958,0.045
2023-12-21,601211.SH,0.738255033557047,0.045
2023-12-21,601816.SH,0.732662192393736,0.045
2023-12-21,601898.SH,0.732662192393736,0.045
2023-12-21,600999.SH,0.727069351230425,0.045
2023-12-21,601868.SH,0.7259507829977628,0.045
2023-12-21,003816.SZ,0.7192393736017896,0.045
2023-12-21,600025.SH,0.7181208053691276,0.045
2023-12-21,601018.SH,0.7170022371364654,0.045
2023-12-21,600795.SH,0.7158836689038032,0.045
2023-12-21,601236.SH,0.714765100671141,0.045
2023-12-21,601825.SH,0.7102908277404921,0.045
2023-12-21,600018.SH,0.7102908277404921,0.045
2023-12-21,601939.SH,0.70917225950783,0.045
2024-01-19,600039.SH,0.7953020134228188,0.045
2024-01-19,000408.SZ,0.7930648769574944,0.045
2024-01-19,600362.SH,0.7774049217002238,0.045
2024-01-19,603993.SH,0.7706935123042505,0.045
2024-01-19,600219.SH,0.7662192393736018,0.045
2024-01-19,600803.SH,0.750559284116331,0.045
2024-01-19,003816.SZ,0.7416107382550335,0.045
2024-01-19,601058.SH,0.727069351230425,0.045
2024-01-19,601808.SH,0.7259507829977628,0.045
2024-01-19,000630.SZ,0.7248322147651006,0.045
2024-01-19,600905.SH,0.7192393736017898,0.045
2024-01-19,601985.SH,0.7158836689038032,0.045
2024-01-19,000708.SZ,0.7158836689038032,0.045
2024-01-19,688009.SH,0.7136465324384788,0.045
2024-01-19,601600.SH,0.7069351230425056,0.045
2024-01-19,601939.SH,0.7046979865771812,0.045
2024-01-19,601006.SH,0.7024608501118568,0.045
2024-01-19,600377.SH,0.7013422818791947,0.045
2024-01-19,601018.SH,0.697986577181208,0.045
2024-01-19,601857.SH,0.6901565995525728,0.045
2024-02-26,300124.SZ,0.8478747203579418,0.045
2024-02-26,600886.SH,0.8176733780760627,0.045
2024-02-26,601088.SH,0.8165548098434003,0.045
2024-02-26,600905.SH,0.8109619686800894,0.045
2024-02-26,601988.SH,0.8008948545861297,0.045
2024-02-26,600585.SH,0.7818791946308724,0.045
2024-02-26,600000.SH,0.7807606263982102,0.045
2024-02-26,601628.SH,0.772930648769575,0.045
2024-02-26,600674.SH,0.7662192393736018,0.045
2024-02-26,003816.SZ,0.7651006711409396,0.045
2024-02-26,601728.SH,0.761744966442953,0.045
2024-02-26,600027.SH,0.761744966442953,0.045
2024-02-26,000333.SZ,0.7606263982102908,0.045
2024-02-26,601939.SH,0.7606263982102908,0.045
2024-02-26,601318.SH,0.7583892617449665,0.045
2024-02-26,600900.SH,0.7583892617449665,0.045
2024-02-26,600031.SH,0.7572706935123042,0.045
2024-02-26,600690.SH,0.7527964205816554,0.045
2024-02-26,601607.SH,0.7527964205816554,0.045
2024-02-26,600377.SH,0.7516778523489934,0.045
2024-03-25,000792.SZ,0.6722783389450057,0.045
2024-03-25,600009.SH,0.665544332210999,0.045
2024-03-25,300476.SZ,0.6475869809203143,0.045
2024-03-25,002463.SZ,0.6408529741863075,0.045
2024-03-25,000538.SZ,0.6386083052749719,0.045
2024-03-25,601127.SH,0.6374859708193042,0.045
2024-03-25,601877.SH,0.6363636363636364,0.045
2024-03-25,002736.SZ,0.6341189674523008,0.045
2024-03-25,605117.SH,0.632996632996633,0.045
2024-03-25,300124.SZ,0.6318742985409652,0.045
2024-03-25,600436.SH,0.6307519640852974,0.045
2024-03-25,600905.SH,0.6296296296296297,0.045
2024-03-25,002028.SZ,0.6262626262626263,0.045
2024-03-25,600415.SH,0.6240179573512906,0.045
2024-03-25,301236.SZ,0.6240179573512906,0.045
2024-03-25,600219.SH,0.622334455667789,0.045
2024-03-25,002493.SZ,0.6206509539842874,0.045
2024-03-25,002252.SZ,0.6195286195286195,0.045
2024-03-25,300832.SZ,0.6150392817059483,0.045
2024-03-25,000938.SZ,0.6139169472502806,0.045
2024-04-24,600018.SH,0.7961607122680948,0.045
2024-04-24,300979.SZ,0.7901912488042241,0.045
2024-04-24,601298.SH,0.7715823409335713,0.045
2024-04-24,001965.SZ,0.7466725419745553,0.045
2024-04-24,600019.SH,0.7456970902161059,0.045
2024-04-24,603195.SH,0.7435277457648822,0.045
2024-04-24,601018.SH,0.742269827281013,0.045
2024-04-24,600025.SH,0.7411964537244179,0.045
2024-04-24,600886.SH,0.7379575019396049,0.045
2024-04-24,601728.SH,0.7376788014371907,0.045
2024-04-24,000157.SZ,0.732933360450139,0.045
2024-04-24,000338.SZ,0.7264441582114961,0.045
2024-04-24,688009.SH,0.726387664866412,0.045
2024-04-24,600309.SH,0.7233746864619347,0.045
2024-04-24,601088.SH,0.7229641681543247,0.045
2024-04-24,600905.SH,0.7175370408032601,0.045
2024-04-24,601939.SH,0.7111118643557122,0.045
2024-04-24,601825.SH,0.6987059257752769,0.045
2024-04-24,002028.SZ,0.6983594332587622,0.045
2024-04-24,601006.SH,0.6975233317515196,0.045
2024-05-27,601628.SH,0.7490603273601036,0.045
2024-05-27,300999.SZ,0.7436633297930837,0.045
2024-05-27,600585.SH,0.7435767066639549,0.045
2024-05-27,600489.SH,0.7083775864536491,0.045
2024-05-27,300759.SZ,0.694943468992686,0.045
2024-05-27,600036.SH,0.6864581685610768,0.045
2024-05-27,002001.SZ,0.6832079181072469,0.045
2024-05-27,600809.SH,0.680967015418917,0.045
2024-05-27,601318.SH,0.6796262400289246,0.045
2024-05-27,002714.SZ,0.6786394896014584,0.045
2024-05-27,000858.SZ,0.6732010635813768,0.045
2024-05-27,601668.SH,0.6720335344496418,0.045
2024-05-27,600196.SH,0.6710543164681867,0.045
2024-05-27,002601.SZ,0.6705609412544535,0.045
2024-05-27,600039.SH,0.6666290044366107,0.045
2024-05-27,601166.SH,0.666598874652566,0.045
2024-05-27,600600.SH,0.6650810867813105,0.045
2024-05-27,002422.SZ,0.6639173238725812,0.045
2024-05-27,002179.SZ,0.6606482423037233,0.045
2024-05-27,600515.SH,0.6595447389630835,0.045
2024-06-25,600845.SH,0.7214765100671142,0.045
2024-06-25,603501.SH,0.7080536912751678,0.045
2024-06-25,600893.SH,0.7002237136465324,0.045
2024-06-25,600372.SH,0.7002237136465324,0.045
2024-06-25,600030.SH,0.6968680089485458,0.045
2024-06-25,600999.SH,0.6935123042505592,0.045
2024-06-25,600115.SH,0.6935123042505592,0.045
2024-06-25,601006.SH,0.6868008948545862,0.045
2024-06-25,601995.SH,0.6789709172259508,0.045
2024-06-25,600958.SH,0.6677852348993288,0.045
2024-06-25,000776.SZ,0.6655480984340044,0.045
2024-06-25,000166.SZ,0.6644295302013422,0.045
2024-06-25,002179.SZ,0.66331096196868,0.045
2024-06-25,600029.SH,0.6588366890380314,0.045
2024-06-25,601881.SH,0.656599552572707,0.045
2024-06-25,601021.SH,0.656599552572707,0.045
2024-06-25,002736.SZ,0.6554809843400448,0.045
2024-06-25,601607.SH,0.6554809843400448,0.045
2024-06-25,600760.SH,0.6526845637583893,0.045
2024-06-25,601788.SH,0.6521252796420582,0.045
2024-07-23,600016.SH,0.7575719659052992,0.045
2024-07-23,600585.SH,0.7473723723723724,0.045
2024-07-23,600919.SH,0.742958867958868,0.045
2024-07-23,601169.SH,0.7428147844814511,0.045
2024-07-23,601077.SH,0.7360845694179027,0.045
2024-07-23,600028.SH,0.7349660266326933,0.045
2024-07-23,600015.SH,0.7260821427488094,0.045
2024-07-23,600050.SH,0.7182637182637182,0.045
2024-07-23,601818.SH,0.716034216034216,0.045
2024-07-23,600019.SH,0.7136530469863803,0.045
2024-07-23,601916.SH,0.7081475414808748,0.045
2024-07-23,601728.SH,0.7069152485819153,0.045
2024-07-23,603501.SH,0.7043179543179544,0.045
2024-07-23,601018.SH,0.701447659780993,0.045
2024-07-23,601868.SH,0.6947174447174446,0.045
2024-07-23,002241.SZ,0.6871303121303122,0.045
2024-07-23,601658.SH,0.6765780932447599,0.045
2024-07-23,601288.SH,0.6755012588345921,0.045
2024-07-23,600660.SH,0.6753078836412169,0.045
2024-07-23,601939.SH,0.6743372160038827,0.045
2024-08-20,600958.SH,0.8242454372208288,0.045
2024-08-20,000166.SZ,0.7772467403339887,0.045
2024-08-20,600515.SH,0.7737479191617894,0.045
2024-08-20,000876.SZ,0.7633079489902758,0.045
2024-08-20,002028.SZ,0.7385939936275507,0.045
2024-08-20,601868.SH,0.7381797090969351,0.045
2024-08-20,600196.SH,0.7344097198683328,0.045
2024-08-20,601377.SH,0.7322177780790756,0.045
2024-08-20,601800.SH,0.7303007705692269,0.045
2024-08-20,601669.SH,0.7268433778500892,0.045
2024-08-20,601618.SH,0.7169193802303422,0.045
2024-08-20,601018.SH,0.7112512146069193,0.045
2024-08-20,002074.SZ,0.7095677129234176,0.045
2024-08-20,600372.SH,0.7006191670621201,0.045
2024-08-20,601186.SH,0.6999939740431911,0.045
2024-08-20,601788.SH,0.6996474815266761,0.045
2024-08-20,600999.SH,0.6944274964409193,0.045
2024-08-20,605499.SH,0.6942730812976898,0.045
2024-08-20,600010.SH,0.693226071302134,0.045
2024-08-20,002736.SZ,0.6921225679614942,0.045
2024-09-19,600415.SH,0.8142079933040384,0.045
2024-09-19,600760.SH,0.7974896442410566,0.045
2024-09-19,601728.SH,0.7924241010399203,0.045
2024-09-19,601319.SH,0.7848898976017621,0.045
2024-09-19,600941.SH,0.7560092321391756,0.045
2024-09-19,300832.SZ,0.7507783849591759,0.045
2024-09-19,002179.SZ,0.7486928376758885,0.045
2024-09-19,000725.SZ,0.7467450244286402,0.045
2024-09-19,600115.SH,0.7416237115389658,0.045
2024-09-19,000776.SZ,0.7275754439596248,0.045
2024-09-19,600233.SH,0.7239452472503319,0.045
2024-09-19,600999.SH,0.7221198214136066,0.045
2024-09-19,600436.SH,0.719938454119245,0.045
2024-09-19,600050.SH,0.7191168441168442,0.045
2024-09-19,300979.SZ,0.7148407524113738,0.045
2024-09-19,302132.SZ,0.7144716107992943,0.045
2024-09-19,601688.SH,0.7129474106875238,0.045
2024-09-19,600276.SH,0.7083095807672078,0.045
2024-09-19,000538.SZ,0.7064852988581802,0.045
2024-09-19,600900.SH,0.7041913639371268,0.045
2024-10-24,601825.SH,0.8249873831529312,0.045
2024-10-24,601658.SH,0.778952839355524,0.045
2024-10-24,002001.SZ,0.7724410397788475,0.045
2024-10-24,600926.SH,0.7610708125249511,0.045
2024-10-24,600000.SH,0.7610519814099233,0.045
2024-10-24,601166.SH,0.7497608448391446,0.045
2024-10-24,600919.SH,0.7386919154256962,0.045
2024-10-24,600585.SH,0.7251975383966435,0.045
2024-10-24,601169.SH,0.7251071490445092,0.045
2024-10-24,601838.SH,0.723969749696819,0.045
2024-10-24,000001.SZ,0.7239659834738134,0.045
2024-10-24,601916.SH,0.7184070383175528,0.045
2024-10-24,601939.SH,0.7183693760874968,0.045
2024-10-24,600015.SH,0.7183279476344353,0.045
2024-10-24,600036.SH,0.7152622421078797,0.045
2024-10-24,000425.SZ,0.7094509600102441,0.045
2024-10-24,605499.SH,0.6973011245941896,0.045
2024-10-24,601328.SH,0.6969998267537417,0.045
2024-10-24,600016.SH,0.6949020405396245,0.045
2024-10-24,601398.SH,0.692525553823093,0.045
2024-11-21,002352.SZ,0.7358860792865268,0.045
2024-11-21,002493.SZ,0.7269638969862683,0.045
2024-11-21,600085.SH,0.7179324942188477,0.045
2024-11-21,600031.SH,0.6875918016857615,0.045
2024-11-21,601009.SH,0.6856785603989183,0.045
2024-11-21,601688.SH,0.6760935228496749,0.045
2024-11-21,600887.SH,0.6752046942203543,0.045
2024-11-21,600809.SH,0.6692051009724388,0.045
2024-11-21,601127.SH,0.6689640627000807,0.045
2024-11-21,688012.SH,0.665627189117122,0.045
2024-11-21,601698.SH,0.6599703221627159,0.045
2024-11-21,000301.SZ,0.6578800683946099,0.045
2024-11-21,000776.SZ,0.6571757846925632,0.045
2024-11-21,300033.SZ,0.6543661823303881,0.045
2024-11-21,600009.SH,0.6498617796156946,0.045
2024-11-21,600196.SH,0.6486565882539037,0.045
2024-11-21,601211.SH,0.646057894380042,0.045
2024-11-21,600515.SH,0.6457452978705774,0.045
2024-11-21,000538.SZ,0.6430825782056208,0.045
2024-11-21,600176.SH,0.6426682936750051,0.045
2024-12-19,000333.SZ,0.7158836689038032,0.045
2024-12-19,601916.SH,0.6935123042505594,0.045
2024-12-19,601288.SH,0.6901565995525728,0.045
2024-12-19,601988.SH,0.6800894854586129,0.045
2024-12-19,600016.SH,0.6756152125279642,0.045
2024-12-19,300832.SZ,0.6677852348993288,0.045
2024-12-19,601018.SH,0.6666666666666666,0.045
2024-12-19,600115.SH,0.6644295302013423,0.045
2024-12-19,601658.SH,0.6621923937360179,0.045
2024-12-19,600009.SH,0.6599552572706936,0.045
2024-12-19,601009.SH,0.6588366890380314,0.045
2024-12-19,601006.SH,0.6588366890380314,0.045
2024-12-19,601939.SH,0.6577181208053692,0.045
2024-12-19,601816.SH,0.6543624161073825,0.045
2024-12-19,601398.SH,0.6532438478747203,0.045
2024-12-19,000001.SZ,0.6532438478747203,0.045
2024-12-19,600941.SH,0.6521252796420581,0.045
2024-12-19,600028.SH,0.6510067114093959,0.045
2024-12-19,000651.SZ,0.6498881431767337,0.045
2024-12-19,601728.SH,0.6476510067114094,0.045
2025-01-17,601398.SH,0.9002887115303223,0.045
2025-01-17,601288.SH,0.8755819577967229,0.045
2025-01-17,601988.SH,0.8728611161497067,0.045
2025-01-17,601009.SH,0.8573145292943951,0.045
2025-01-17,600377.SH,0.8563773505048674,0.045
2025-01-17,600900.SH,0.8389261744966442,0.045
2025-01-17,000333.SZ,0.8339908700646955,0.045
2025-01-17,601166.SH,0.8321391861660318,0.045
2025-01-17,002001.SZ,0.8286549972791583,0.045
2025-01-17,601998.SH,0.827430618538001,0.045
2025-01-17,601728.SH,0.8264480923876897,0.045
2025-01-17,600887.SH,0.8243772295785718,0.045
2025-01-17,601939.SH,0.8227371666968982,0.045
2025-01-17,601658.SH,0.8217244089727312,0.045
2025-01-17,600346.SH,0.8210139669871213,0.045
2025-01-17,000975.SZ,0.8113323054598224,0.045
2025-01-17,601838.SH,0.8036988330612491,0.045
2025-01-17,000895.SZ,0.8019907491384002,0.045
2025-01-17,600926.SH,0.7963903500816252,0.045
2025-01-17,600919.SH,0.7951735292339319,0.045
2025-02-24,601985.SH,0.7695259831725156,0.045
2025-02-24,600196.SH,0.764750412401419,0.045
2025-02-24,601006.SH,0.7558470612161887,0.045
2025-02-24,002252.SZ,0.7415655435789663,0.045
2025-02-24,600016.SH,0.7179814551179206,0.045
2025-02-24,601607.SH,0.714670945096001,0.045
2025-02-24,600346.SH,0.7112888768369753,0.045
2025-02-24,000725.SZ,0.7068447336903713,0.045
2025-02-24,600085.SH,0.7057600614647596,0.045
2025-02-24,000001.SZ,0.6923184115577851,0.045
2025-02-24,600918.SH,0.6911207526420055,0.045
2025-02-24,601166.SH,0.6897950421440354,0.045
2025-02-24,600905.SH,0.6800857192356075,0.045
2025-02-24,601169.SH,0.6743723589361172,0.045
2025-02-24,601009.SH,0.668839777340896,0.045
2025-02-24,601238.SH,0.6683915968032298,0.045
2025-02-24,300251.SZ,0.6677890011223345,0.045
2025-02-24,600089.SH,0.6676986117702001,0.045
2025-02-24,601688.SH,0.6676760144321666,0.045
2025-02-24,000538.SZ,0.6655104362039485,0.045
2025-03-24,002252.SZ,0.7435162435162436,0.045
2025-03-24,000786.SZ,0.7390458640458641,0.045
2025-03-24,002352.SZ,0.7357622774289441,0.045
2025-03-24,300498.SZ,0.7098424181757514,0.045
2025-03-24,600585.SH,0.7088565838565839,0.045
2025-03-24,002714.SZ,0.7087693754360421,0.045
2025-03-24,000596.SZ,0.693731610398277,0.045
2025-03-24,600809.SH,0.6926206509539843,0.045
2025-03-24,600515.SH,0.6918395668395668,0.045
2025-03-24,002179.SZ,0.6871454788121455,0.045
2025-03-24,000568.SZ,0.6768473018473019,0.045
2025-03-24,601888.SH,0.6759790093123427,0.045
2025-03-24,600519.SH,0.6725930475930476,0.045
2025-03-24,600016.SH,0.6716906300239635,0.045
2025-03-24,600089.SH,0.6650893317559984,0.045
2025-03-24,600436.SH,0.6638797888797888,0.045
2025-03-24,603369.SH,0.6622038705372039,0.045
2025-03-24,600031.SH,0.6603649103649104,0.045
2025-03-24,600161.SH,0.6548252798252799,0.045
2025-03-24,600372.SH,0.6535323201989869,0.045
2025-04-22,000895.SZ,0.9071014868116317,0.045
2025-04-22,600887.SH,0.8555792034052905,0.045
2025-04-22,000999.SZ,0.8444984966724097,0.045
2025-04-22,688271.SH,0.8406960725801306,0.045
2025-04-22,002252.SZ,0.8396863469327238,0.045
2025-04-22,600600.SH,0.8366796917521556,0.045
2025-04-22,601728.SH,0.8332226013385434,0.045
2025-04-22,603288.SH,0.8332075868307752,0.045
2025-04-22,600406.SH,0.8274307549669868,0.045
2025-04-22,600886.SH,0.8188574710313841,0.045
2025-04-22,601825.SH,0.8179828759538905,0.045
2025-04-22,600111.SH,0.8160347435709755,0.045
2025-04-22,600900.SH,0.8113915070436809,0.045
2025-04-22,603392.SH,0.8037190935741662,0.045
2025-04-22,002179.SZ,0.8026342953879185,0.045
2025-04-22,600585.SH,0.7984677694822623,0.045
2025-04-22,001965.SZ,0.7927585029034304,0.045
2025-04-22,600161.SH,0.7923906474631112,0.045
2025-04-22,600795.SH,0.7829502757038989,0.045
2025-04-22,601009.SH,0.7820006080875647,0.045
2025-05-23,601877.SH,0.7246376811594203,0.045
2025-05-23,601211.SH,0.7101449275362319,0.045
2025-05-23,600519.SH,0.7056856187290971,0.045
2025-05-23,000301.SZ,0.7034559643255296,0.045
2025-05-23,600346.SH,0.6945373467112598,0.045
2025-05-23,002736.SZ,0.6945373467112597,0.045
2025-05-23,600011.SH,0.693422519509476,0.045
2025-05-23,601668.SH,0.6845039018952063,0.045
2025-05-23,600089.SH,0.6744704570791527,0.045
2025-05-23,600436.SH,0.6722408026755854,0.045
2025-05-23,600176.SH,0.6688963210702341,0.045
2025-05-23,302132.SZ,0.6622073578595318,0.045
2025-05-23,000333.SZ,0.653288740245262,0.045
2025-05-23,300308.SZ,0.6510590858416946,0.045
2025-05-23,603296.SH,0.6510590858416945,0.045
2025-05-23,002230.SZ,0.6499442586399108,0.045
2025-05-23,000001.SZ,0.6488294314381271,0.045
2025-05-23,600905.SH,0.6477146042363434,0.045
2025-05-23,002001.SZ,0.6454849498327759,0.045
2025-05-23,000725.SZ,0.6443701226309922,0.045
2025-06-23,600938.SH,0.720805228051605,0.045
2025-06-23,601800.SH,0.7044807044807045,0.045
2025-06-23,600048.SH,0.6953068402343764,0.045
2025-06-23,600061.SH,0.6950666081100864,0.045
2025-06-23,002736.SZ,0.693523867436911,0.045
2025-06-23,600160.SH,0.6864520342781213,0.045
2025-06-23,600111.SH,0.685284656299149,0.045
2025-06-23,000630.SZ,0.6785018524148958,0.045
2025-06-23,600028.SH,0.6739975000844565,0.045
2025-06-23,600958.SH,0.6714825700332946,0.045
2025-06-23,601601.SH,0.6700749599300324,0.045
2025-06-23,601857.SH,0.6685134511221468,0.045
2025-06-23,000792.SZ,0.6639340262528669,0.045
2025-06-23,600036.SH,0.6599101381710077,0.045
2025-06-23,601868.SH,0.6582904481455206,0.045
2025-06-23,300394.SZ,0.6577705708140491,0.045
2025-06-23,000776.SZ,0.6568621930940772,0.045
2025-06-23,601669.SH,0.6560701778093082,0.045
2025-06-23,002601.SZ,0.6548877853225679,0.045
2025-06-23,601628.SH,0.6523052899864493,0.045
2025-07-21,601668.SH,0.7424749163879598,0.045
2025-07-21,000858.SZ,0.7279821627647715,0.045
2025-07-21,000876.SZ,0.7090301003344482,0.045
2025-07-21,601318.SH,0.7068004459308806,0.045
2025-07-21,601288.SH,0.7068004459308806,0.045
2025-07-21,000651.SZ,0.6967670011148273,0.045
2025-07-21,601607.SH,0.6867335562987736,0.045
2025-07-21,003816.SZ,0.6806020066889632,0.045
2025-07-21,600161.SH,0.6755852842809364,0.045
2025-07-21,601398.SH,0.673355629877369,0.045
2025-07-21,600918.SH,0.6722408026755854,0.045
2025-07-21,300999.SZ,0.6722408026755854,0.045
2025-07-21,600905.SH,0.6711259754738016,0.045
2025-07-21,600050.SH,0.6700111482720178,0.045
2025-07-21,601985.SH,0.6700111482720178,0.045
2025-07-21,002027.SZ,0.6688963210702341,0.045
2025-07-21,000002.SZ,0.6610925306577481,0.045
2025-07-21,000333.SZ,0.6588628762541806,0.045
2025-07-21,600941.SH,0.6588628762541806,0.045
2025-07-21,300122.SZ,0.6577480490523969,0.045
2025-08-18,688036.SH,0.7003770959125496,0.045
2025-08-18,601288.SH,0.6690347392127375,0.045
2025-08-18,601816.SH,0.6665506947094341,0.045
2025-08-18,000408.SZ,0.6612197257076159,0.045
2025-08-18,600018.SH,0.6595587079975758,0.045
2025-08-18,600085.SH,0.6583615781164658,0.045
2025-08-18,600886.SH,0.6562778239171586,0.045
2025-08-18,601658.SH,0.6557765257794438,0.045
2025-08-18,600436.SH,0.6549460169244238,0.045
2025-08-18,002304.SZ,0.6538349307535184,0.045
2025-08-18,601006.SH,0.6529296012809289,0.045
2025-08-18,000792.SZ,0.6524320441740926,0.045
2025-08-18,601988.SH,0.6519606742834055,0.045
2025-08-18,601985.SH,0.6474452500130936,0.045
2025-08-18,001965.SZ,0.6463416459039452,0.045
2025-08-18,601698.SH,0.6458702760132582,0.045
2025-08-18,002027.SZ,0.6457879733339319,0.045
2025-08-18,601009.SH,0.6451482570537137,0.045
2025-08-18,601398.SH,0.6440858042842286,0.045
2025-08-18,601872.SH,0.6417775882322133,0.045
2025-09-15,000333.SZ,0.7757663501754544,0.045
2025-09-15,600989.SH,0.7609593499584745,0.045
2025-09-15,000538.SZ,0.7456697567581724,0.045
2025-09-15,600039.SH,0.7298601602657628,0.045
2025-09-15,000301.SZ,0.7185398008275161,0.045
2025-09-15,600011.SH,0.7166954726044309,0.045
2025-09-15,002027.SZ,0.7164111542576673,0.045
2025-09-15,601021.SH,0.715539494062984,0.045
2025-09-15,601012.SH,0.7040433061734491,0.045
2025-09-15,300979.SZ,0.701832356924274,0.045
2025-09-15,600905.SH,0.7012188278602052,0.045
2025-09-15,600025.SH,0.7010804097177017,0.045
2025-09-15,600066.SH,0.7007960913709382,0.045
2025-09-15,600027.SH,0.6977845615137707,0.045
2025-09-15,600009.SH,0.695584835357231,0.045
2025-09-15,600900.SH,0.686696145989989,0.045
2025-09-15,600941.SH,0.684477714679057,0.045
2025-09-15,600161.SH,0.6822330961519757,0.045
2025-09-15,601888.SH,0.6795507770121135,0.045
2025-09-15,600346.SH,0.6781778186797154,0.045
2025-10-21,600674.SH,0.7577777777777778,0.045
2025-10-21,600893.SH,0.7277777777777779,0.045
2025-10-21,600372.SH,0.7244444444444444,0.045
2025-10-21,600019.SH,0.7177777777777777,0.045
2025-10-21,000768.SZ,0.7166666666666668,0.045
2025-10-21,600905.SH,0.6933333333333334,0.045
2025-10-21,600760.SH,0.6911111111111111,0.045
2025-10-21,688008.SH,0.6877777777777778,0.045
2025-10-21,001965.SZ,0.6877777777777778,0.045
2025-10-21,600941.SH,0.6844444444444444,0.045
2025-10-21,601117.SH,0.6844444444444444,0.045
2025-10-21,600886.SH,0.6833333333333332,0.045
2025-10-21,601916.SH,0.6811111111111111,0.045
2025-10-21,601985.SH,0.68,0.045
2025-10-21,002460.SZ,0.6722222222222222,0.045
2025-10-21,600489.SH,0.6711111111111112,0.045
2025-10-21,002415.SZ,0.6699999999999999,0.045
2025-10-21,600900.SH,0.668888888888889,0.045
2025-10-21,000792.SZ,0.6677777777777778,0.045
2025-10-21,000425.SZ,0.6655555555555556,0.045
2025-11-18,002252.SZ,0.7588888888888888,0.045
2025-11-18,601058.SH,0.75,0.045
2025-11-18,600886.SH,0.7466666666666667,0.045
2025-11-18,601117.SH,0.7344444444444443,0.045
2025-11-18,600989.SH,0.7188888888888889,0.045
2025-11-18,601919.SH,0.7166666666666667,0.045
2025-11-18,001965.SZ,0.7166666666666667,0.045
2025-11-18,000999.SZ,0.7166666666666667,0.045
2025-11-18,000708.SZ,0.7133333333333333,0.045
2025-11-18,000100.SZ,0.7122222222222222,0.045
2025-11-18,000876.SZ,0.7077777777777777,0.045
2025-11-18,600674.SH,0.7044444444444444,0.045
2025-11-18,600377.SH,0.7044444444444444,0.045
2025-11-18,002142.SZ,0.6988888888888889,0.045
2025-11-18,600039.SH,0.6977777777777777,0.045
2025-11-18,300122.SZ,0.6922222222222222,0.045
2025-11-18,601888.SH,0.6833333333333332,0.045
2025-11-18,601816.SH,0.6777777777777777,0.045
2025-11-18,000338.SZ,0.6744444444444445,0.045
2025-11-18,688303.SH,0.6744444444444445,0.045
2025-12-16,601816.SH,0.727069351230425,0.045
2025-12-16,601728.SH,0.7225950782997762,0.045
2025-12-16,600926.SH,0.714765100671141,0.045
2025-12-16,601838.SH,0.7013422818791947,0.045
2025-12-16,600674.SH,0.7002237136465325,0.045
2025-12-16,600036.SH,0.697986577181208,0.045
2025-12-16,000333.SZ,0.6957494407158836,0.045
2025-12-16,600886.SH,0.6957494407158836,0.045
2025-12-16,603296.SH,0.6823266219239373,0.045
2025-12-16,600018.SH,0.6756152125279642,0.045
2025-12-16,600905.SH,0.674496644295302,0.045
2025-12-16,601398.SH,0.6722595078299776,0.045
2025-12-16,600900.SH,0.6694630872483222,0.045
2025-12-16,600023.SH,0.6672259507829977,0.045
2025-12-16,300394.SZ,0.6666666666666666,0.045
2025-12-16,600050.SH,0.656599552572707,0.045
2025-12-16,600941.SH,0.6532438478747203,0.045
2025-12-16,002252.SZ,0.6532438478747203,0.045
2025-12-16,300308.SZ,0.6521252796420582,0.045
2025-12-16,601236.SH,0.6521252796420582,0.045
