datetime,rank_ic
2025-01-02,0.12115572271809384
2025-01-03,0.11597309500929646
2025-01-06,0.18178215304956874
2025-01-07,0.08326666703500886
2025-01-08,0.14017463960988097
2025-01-09,0.045080048630131236
2025-01-10,0.020381943036763394
2025-01-13,0.03661031569621723
2025-01-14,0.09231284261097591
2025-01-15,0.13087585798464088
2025-01-16,0.13321942599348294
2025-01-17,0.039410084550281714
2025-01-20,-0.008931709094075056
2025-01-21,0.02958679025482173
2025-01-22,0.07349784051361817
2025-01-23,0.129423653198009
2025-01-24,0.08526526695783282
2025-01-27,0.1599051768117646
2025-02-05,0.17360290896964628
2025-02-06,0.07312225007484652
2025-02-07,-0.02631130762380975
2025-02-10,0.08019836547337704
2025-02-11,0.008431395955663525
2025-02-12,0.010515046135479461
2025-02-13,0.0627037409973595
2025-02-14,0.10511706121233984
2025-02-17,0.01817853985040704
2025-02-18,-0.016036220713919438
2025-02-19,0.05040078573564999
2025-02-20,-0.06955880097449353
2025-02-21,-0.09205069850489664
2025-02-24,-0.24870802835137779
2025-02-25,-0.1784184935997445
2025-02-26,-0.15873049456256833
2025-02-27,-0.019181859580856143
2025-02-28,0.031925305353034006
2025-03-03,0.2255558801575034
2025-03-04,-0.03809748917921167
2025-03-05,-0.09475054796108287
2025-03-06,-0.2039493040044206
2025-03-07,-0.0895621086391716
2025-03-10,-0.08434030186202822
2025-03-11,0.04299255707478304
2025-03-12,-0.03347506703206173
2025-03-13,-0.014335926727726404
2025-03-14,-0.17913110154324055
2025-03-17,-0.10974847381422118
2025-03-18,-0.17744044760814537
2025-03-19,-0.15628032893487886
2025-03-20,-0.16252008697886297
2025-03-21,-0.07180801981092508
2025-03-24,-0.07098369623335225
2025-03-25,0.04039765372083876
2025-03-26,0.07516027078362157
2025-03-27,0.00863501093082712
2025-03-28,-0.006997480039361796
2025-03-31,-0.07539627308718046
2025-04-01,-0.09817332662527412
2025-04-02,-0.04486152872664786
2025-04-03,-0.15932388222477997
2025-04-07,-0.20642231042815154
2025-04-08,0.08281359491426307
2025-04-09,0.060947119742347663
2025-04-10,-0.08186375547760902
2025-04-11,-0.10768312046062174
2025-04-14,-0.014721641417620617
2025-04-15,-0.07668470611324849
2025-04-16,0.11702716391757262
2025-04-17,0.20043489424139474
2025-04-18,0.14590605049412672
2025-04-21,0.20374160192574686
2025-04-22,0.17059413333894652
2025-04-23,-0.09771148686002167
2025-04-24,-0.06774304972874744
2025-04-25,-0.06493079616269605
2025-04-28,-0.009404091017562009
2025-04-29,0.042466210214724846
2025-04-30,0.062993302840893
2025-05-06,0.07393337744212389
2025-05-07,0.08589977919635111
2025-05-08,-0.06174577629718812
2025-05-09,-0.04220425435482337
2025-05-12,-0.04054428446682481
2025-05-13,-0.007518104085790595
2025-05-14,-0.09910578184539182
2025-05-15,-0.03939060886283238
2025-05-16,-0.13881583993252272
2025-05-19,0.009945894480595024
2025-05-20,-0.13196820459569708
2025-05-21,-0.13986590884481018
2025-05-22,0.033538830197105345
2025-05-23,0.04560603561098224
2025-05-26,-0.05075072116521551
2025-05-27,0.03939519064181229
2025-05-28,0.11293235452108516
2025-05-29,-0.013095931631314986
2025-05-30,0.06802546978763975
2025-06-03,0.09758917861737934
2025-06-04,0.05917911536846562
2025-06-05,0.04724179047193659
2025-06-06,0.023840409875425638
2025-06-09,0.06010266777660166
2025-06-10,-0.03460317203625014
2025-06-11,-0.0705874597396784
2025-06-12,0.10888249560236722
2025-06-13,-0.021402170706642954
2025-06-16,-0.032649886912256315
2025-06-17,0.02888281025834573
2025-06-18,-0.035135863433253055
2025-06-19,-0.06554491931903011
2025-06-20,0.08826598479441436
2025-06-23,0.07520312963794593
2025-06-24,0.0735441617513244
2025-06-25,0.04855744654093316
2025-06-26,-0.046471605571924486
2025-06-27,-0.01608403839606344
2025-06-30,0.0021015649347977086
2025-07-01,0.02115052971899351
2025-07-02,0.0077544173065464085
2025-07-03,-0.10636901925925143
2025-07-04,-0.011682030394755096
2025-07-07,0.0839110768196063
2025-07-08,0.03391524314063047
2025-07-09,0.05583113626576753
2025-07-10,0.20472167291113447
2025-07-11,0.1614686422944603
2025-07-14,0.042283431726088304
2025-07-15,0.08954382911248344
2025-07-16,0.051598314479345264
2025-07-17,0.0311209820228308
2025-07-18,-0.13047401346819543
2025-07-21,-0.0037931138343755594
2025-07-22,0.07526833171919811
2025-07-23,0.0032955035107824007
2025-07-24,0.16328652206251426
2025-07-25,0.06694195024669962
2025-07-28,0.06027077584058119
2025-07-29,0.07122019914754128
2025-07-30,0.03202627794643959
2025-07-31,-0.08895012295982953
2025-08-01,-0.055245544340947056
2025-08-04,-0.05856983409298577
2025-08-05,-0.06121914715757772
2025-08-06,0.006395608482781168
2025-08-07,0.026455872086325105
2025-08-08,-0.017301767630547176
2025-08-11,-0.05676482541940119
2025-08-12,-0.018140466088339385
2025-08-13,-0.17163453098853196
2025-08-14,-0.08596739808972986
2025-08-15,-0.13411070652943444
2025-08-18,-0.1293350039671767
2025-08-19,-0.05827629649640895
2025-08-20,-0.040513182320091455
2025-08-21,-0.09150989710613358
2025-08-22,0.017143934785903335
2025-08-25,-0.07231748632691606
2025-08-26,0.02279156064846505
2025-08-27,0.058523044262689325
2025-08-28,0.06397932417863242
2025-08-29,0.024548412261111506
2025-09-01,-0.08922287163833581
2025-09-02,-0.16142576694809907
2025-09-03,-0.14509798213638567
2025-09-04,0.009865493368211905
2025-09-05,0.17687832767705
2025-09-08,0.1928382555217638
2025-09-09,0.28157791043847163
2025-09-10,0.19130097882793648
2025-09-11,0.11669960085616365
2025-09-12,0.10062353681534075
2025-09-15,0.1081685814201709
2025-09-16,0.17497037436502638
2025-09-17,0.1742685359520174
2025-09-18,0.02605097876773797
2025-09-19,0.07344090917247968
2025-09-22,-0.15058108270397166
2025-09-23,-0.060838006516213274
2025-09-24,-0.026435966229465667
2025-09-25,-0.11139673202688635
2025-09-26,-0.11583767084225668
2025-09-29,-0.11835858779935973
2025-09-30,-0.12437292239463249
2025-10-09,-0.09550552874621834
2025-10-10,-0.113832691630798
2025-10-13,-0.08247453166474068
2025-10-14,0.14861306235393648
2025-10-15,0.14887075581578368
2025-10-16,0.12423232411763258
2025-10-17,0.2795477416684639
2025-10-20,0.22086292283858916
2025-10-21,0.15672401214741727
2025-10-22,0.04068846615751795
2025-10-23,0.013032928163496826
2025-10-24,-0.00026270303960688037
2025-10-27,-0.03180386256003749
2025-10-28,-0.032428559128774015
2025-10-29,-0.1202922214168295
2025-10-30,-0.08927011266796134
2025-10-31,-0.07612393915084548
2025-11-03,-0.12157656908760565
2025-11-04,-0.17184380034407284
2025-11-05,-0.1922158815174204
2025-11-06,-0.2226807835969709
2025-11-07,-0.23747817924131542
2025-11-10,-0.04808004573873946
2025-11-11,0.05602373390223521
2025-11-12,0.05017514416894847
2025-11-13,0.028761540125869456
2025-11-14,-0.050576554496632266
2025-11-17,-0.05495208879105904
2025-11-18,-0.004888582548516577
2025-11-19,0.07647774398363853
2025-11-20,-0.020134018722418275
2025-11-21,0.020267354858097265
2025-11-24,0.05209813783432378
2025-11-25,-0.022008242524600218
2025-11-26,-0.016977620669276126
2025-11-27,-0.006241905550823871
2025-11-28,-0.06825010347372465
2025-12-01,-0.0035623564083695144
2025-12-02,0.05723154552461032
2025-12-03,0.07962320941908467
2025-12-04,2.5507003130020262e-05
2025-12-05,-0.0059345339808934755
2025-12-08,-0.055934138217837354
2025-12-09,-0.08139091828024957
2025-12-10,0.04054358191381696
2025-12-11,0.04018090963943289
2025-12-12,0.0835736011143013
2025-12-15,0.11375858825549319
2025-12-16,0.18375316405095388
2025-12-17,0.10599528065632095
2025-12-18,0.14471013300229746
2025-12-19,0.17831632594175623
2025-12-22,-0.015872794290805004
2025-12-23,-0.09402409336203515
2025-12-24,-0.14910409068329925
